"ltable_id","rtable_id",label
2064,806,1
2066,5891,1
2066,5905,1
2072,15011,1
2084,804,1
2090,803,1
2090,810,1
2091,15011,1
2094,15011,1
2095,809,1
2100,810,1
2101,808,1
2102,807,1
2104,1867,1
2105,5891,1
2108,1114,1
2113,812,1
2115,15011,1
2130,1114,1
2131,1114,1
2133,5905,1
2134,5905,1
2144,15011,1
2145,15011,1
2146,15011,1
2154,1867,1
2156,12244,1
2157,1867,1
2157,12244,1
2160,12244,1
2161,1867,1
2162,5891,1
2163,5891,1
2164,5891,1
2165,5905,1
2166,5905,1
2167,5891,1
2167,5905,1
123,18419,1
2179,15011,1
2180,15011,1
2181,15011,1
2182,15011,1
2183,15011,1
2184,15011,1
136,5539,1
136,14527,1
2218,815,1
2220,815,1
2221,815,1
2222,815,1
446,429,1
448,6039,1
448,6054,1
448,26382,1
449,6037,1
449,6054,1
459,326,1
459,417,1
460,374,1
461,1878,1
463,15449,1
464,1878,1
465,13790,1
466,1878,1
470,1878,1
472,13790,1
473,1878,1
476,15449,1
478,13790,1
479,1878,1
487,1878,1
490,4063,1
492,1878,1
495,1878,1
496,6037,1
496,6054,1
496,26382,1
498,1859,1
500,1878,1
501,1878,1
502,1878,1
503,1878,1
504,22720,1
505,1878,1
506,1878,1
507,5539,1
515,1878,1
516,1878,1
517,1878,1
518,1859,1
519,1859,1
520,1859,1
522,1878,1
523,1878,1
524,1878,1
527,1859,1
528,7556,1
528,14911,1
528,14975,1
529,14527,1
533,13790,1
535,1878,1
536,1878,1
537,1878,1
538,1878,1
539,1878,1
540,1878,1
541,1878,1
542,1878,1
544,342,1
545,342,1
545,358,1
546,349,1
546,365,1
547,420,1
548,1878,1
549,1859,1
552,1878,1
553,1878,1
554,1878,1
555,374,1
556,317,1
556,420,1
557,408,1
557,420,1
558,317,1
559,1878,1
560,1878,1
561,1878,1
562,1878,1
563,1878,1
564,1878,1
565,1878,1
568,1859,1
569,1859,1
571,356,1
571,415,1
571,427,1
571,1870,1
573,340,1
573,403,1
574,427,1
575,372,1
575,403,1
576,356,1
577,4063,1
578,5539,1
578,14527,1
582,6054,1
584,15449,1
586,23134,1
6817,6195,1
6819,24696,1
6831,23458,1
6836,6501,1
6844,19663,1
754,6497,1
769,5524,1
2839,6934,1
795,6497,1
796,6497,1
797,6483,1
797,6497,1
798,6497,1
799,6483,1
799,6497,1
800,6497,1
2843,6934,1
2844,3217,1
2844,6934,1
2845,6934,1
2846,3191,1
2846,6934,1
810,8106,1
826,15185,1
2931,3217,1
2931,6934,1
2938,3217,1
2938,6934,1
2939,6934,1
5216,27225,1
5216,27243,1
5225,27234,1
5226,27269,1
5227,27236,1
5227,27254,1
5229,27240,1
5229,27256,1
5231,27274,1
1336,8022,1
5802,6495,1
5803,6496,1
5804,6497,1
5806,6499,1
5807,6500,1
5808,6501,1
5809,6502,1
5810,6503,1
5811,6504,1
5813,6506,1
5827,6502,1
5829,6485,1
5835,23134,1
5837,18128,1
5841,4300,1
5842,6037,1
5842,15449,1
5843,6054,1
5844,23134,1
5846,6037,1
5847,15449,1
5848,15185,1
5849,6054,1
5851,22720,1
5852,6037,1
5852,15449,1
5868,1867,1
5868,12244,1
5878,24281,1
5879,22512,1
2840,3191,1
2841,3191,1
2842,3191,1
4169,6224,1
4223,20544,1
4223,20586,1
4225,20544,1
4226,20562,1
4227,20544,1
4244,6222,1
4244,6223,1
4244,6224,1
4247,6222,1
4247,6223,1
4249,6223,1
2306,18111,1
2379,4048,1
2380,18097,1
2381,18097,1
2383,18097,1
2383,18111,1
2384,18097,1
2386,18097,1
2387,18097,1
2387,18111,1
2388,18097,1
2388,18111,1
2389,18097,1
2392,18097,1
2394,3061,1
2394,4048,1
2395,4048,1
2396,4048,1
2397,4048,1
2398,3061,1
2399,3061,1
2400,4048,1
2401,4048,1
2402,3061,1
2403,3061,1
2487,4511,1
2487,4523,1
2488,4517,1
2489,4511,1
2489,4517,1
2489,4523,1
2490,4517,1
5388,12865,1
5388,12867,1
5389,12868,1
5390,12865,1
5393,12866,1
5400,12865,1
4820,20561,1
4821,20562,1
4822,20574,1
4824,20547,1
4824,20565,1
4827,20550,1
4828,20569,1
4831,20573,1
4833,20575,1
4834,20576,1
4835,20577,1
4836,20572,1
4838,20580,1
4841,20583,1
4843,20573,1
4846,20561,1
4853,23367,1
4853,27244,1
4855,5529,1
4861,17081,1
4863,1396,1
4865,15435,1
4870,13279,1
1009,5529,1
5143,3850,1
5146,15079,1
5151,25066,1
5153,22318,1
5153,27233,1
5156,27877,1
5156,27893,1
5156,27902,1
5160,20070,1
5162,6786,1
5170,5529,1
5173,890,1
5175,11800,1
5177,11808,1
5179,15919,1
5180,13444,1
5181,15931,1
5183,15919,1
5185,893,1
5188,11808,1
5191,15919,1
5192,12444,1
5193,27877,1
5193,27893,1
5194,890,1
5197,15918,1
5199,11108,1
5214,27868,1
5214,27902,1
5215,27877,1
5217,27244,1
5218,27245,1
5218,27261,1
5222,27249,1
5222,27265,1
5224,27233,1
5228,27271,1
5230,27242,1
5230,27257,1
5234,22321,1
5238,16948,1
5238,16965,1
1155,8893,1
1156,8983,1
1157,9013,1
1157,9103,1
1159,9666,1
1163,9103,1
1164,8983,1
1164,9013,1
1164,9103,1
1165,8923,1
1168,9666,1
1173,9666,1
1174,9043,1
1174,9073,1
1175,8923,1
1175,8953,1
1176,8953,1
1179,9666,1
1183,9666,1
1187,14556,1
1203,8893,1
1204,8893,1
1205,9103,1
1212,27265,1
1237,9666,1
1238,9666,1
1239,9666,1
1240,9666,1
1241,9666,1
1260,9666,1
1261,9666,1
1262,9666,1
1263,9666,1
1264,9666,1
1265,9666,1
1266,9666,1
1267,9666,1
1268,9666,1
1269,9666,1
1270,9666,1
1271,9666,1
1272,9666,1
1273,9666,1
1274,9666,1
1275,9666,1
1276,9666,1
1277,9666,1
1278,9666,1
1279,9666,1
1280,9666,1
5394,12868,1
5395,8678,1
5396,12866,1
5396,12868,1
5397,12865,1
5397,12867,1
5399,12868,1
1298,9666,1
5402,12867,1
5403,12866,1
5403,12867,1
1301,9073,1
1305,9666,1
1309,9103,1
1312,9666,1
1315,9013,1
1315,9073,1
1318,8983,1
1318,9013,1
1318,9043,1
1318,9103,1
5448,12865,1
5449,12868,1
5450,12865,1
5450,12866,1
5451,22015,1
5452,12866,1
3640,13276,1
3641,8198,1
3643,8198,1
3644,8198,1
3645,8198,1
5733,21516,1
5739,21498,1
5742,21501,1
5743,21502,1
5744,21503,1
5745,21504,1
5746,21505,1
5747,21506,1
5748,21507,1
5749,21508,1
5750,21497,1
5751,21510,1
5752,21511,1
5753,21512,1
5754,21513,1
5756,21513,1
5758,21498,1
5759,21502,1
5763,21535,1
2099,21201,1
135,24026,1
6406,9908,1
6408,2656,1
6410,2447,1
6415,14837,1
6416,19647,1
6417,24050,1
6418,18754,1
4748,24026,1
4757,6848,1
4758,4671,1
4758,4686,1
4779,10334,1
4788,1272,1
2766,24026,1
6863,13581,1
6865,13583,1
6868,13586,1
6871,13589,1
6872,13590,1
6872,13611,1
6873,13591,1
6867,13585,1
6877,13595,1
6877,13616,1
6876,13594,1
6879,13597,1
6879,13618,1
6880,13598,1
6880,13619,1
6878,13596,1
6893,10395,1
6906,10503,1
5075,6386,1
5080,12185,1
5081,15396,1
5086,6847,1
1003,24026,1
1022,9531,1
1023,9506,1
1025,9509,1
3117,24026,1
1073,9495,1
1073,9509,1
1074,9495,1
1074,9509,1
1075,9495,1
1075,9509,1
1076,9495,1
1076,9509,1
1078,9509,1
1079,9506,1
1080,9506,1
1080,9531,1
1082,9520,1
1083,9520,1
1085,9492,1
1086,9506,1
1086,9520,1
1089,9495,1
1095,9492,1
1095,9531,1
1096,9495,1
1096,9509,1
1097,9495,1
1099,9509,1
3162,25616,1
3173,20611,1
5344,24683,1
5349,20373,1
5351,20375,1
5357,15147,1
5359,20371,1
5369,16213,1
5371,8597,1
5374,13591,1
5376,10334,1
5377,9142,1
5379,20372,1
5381,21139,1
5382,4824,1
5384,1271,1
5385,9165,1
5386,15206,1
5383,25549,1
3430,9139,1
3430,14311,1
1439,305,1
1563,10363,1
1585,310,1
1586,302,1
1607,10363,1
1610,310,1
1612,310,1
1612,311,1
1614,302,1
1623,305,1
1885,20812,1
1886,20812,1
3978,14310,1
2011,24026,1
2030,21201,1
2031,21201,1
2032,21201,1
2033,21201,1
2034,21201,1
2035,21201,1
2036,21201,1
73,25969,1
2294,23040,1
6437,25076,1
294,3871,1
6450,816,1
6456,18805,1
6457,18806,1
6458,18807,1
6460,18809,1
6461,18810,1
6463,18812,1
6464,18813,1
6465,18814,1
6466,18815,1
6469,18806,1
6470,18807,1
6472,18809,1
6473,18810,1
6475,18812,1
6476,18813,1
6477,18814,1
6478,18815,1
6481,19858,1
6483,18810,1
6484,18814,1
6486,18809,1
6488,18807,1
6489,18812,1
6490,4594,1
6491,9421,1
6491,20044,1
6492,6864,1
6495,3882,1
6498,18815,1
6499,20235,1
6500,21846,1
6501,4591,1
6505,9381,1
6506,18806,1
6509,11451,1
6509,18816,1
6519,3975,1
6576,3605,1
6579,10748,1
6596,5024,1
6601,3675,1
6602,13190,1
6603,12198,1
6606,14020,1
6608,240,1
6609,18815,1
6614,777,1
6614,790,1
6616,792,1
6620,822,1
6623,786,1
6623,825,1
6625,788,1
6625,801,1
6625,827,1
6628,791,1
6628,817,1
6629,793,1
6629,819,1
6630,794,1
6630,820,1
6633,823,1
6634,798,1
6634,824,1
6637,827,1
6638,789,1
6638,828,1
6643,12599,1
6644,18813,1
6647,15370,1
6672,3138,1
6674,17039,1
6675,17039,1
6676,17039,1
6677,17039,1
6678,24387,1
6679,17039,1
6680,17039,1
6681,17039,1
6682,17039,1
6683,17039,1
6684,17039,1
6685,17039,1
6686,17039,1
4749,9566,1
4776,6908,1
4776,11890,1
4780,3769,1
2961,7494,1
2961,7496,1
2961,7497,1
2970,7495,1
2987,7494,1
2987,7496,1
945,781,1
5101,7647,1
5102,12192,1
5103,9566,1
5104,8455,1
5105,17511,1
5108,4433,1
1040,3868,1
1042,12740,1
1045,26324,1
1049,26324,1
5300,1802,1
5298,7494,1
5298,7497,1
5304,17229,1
5307,25574,1
5312,828,1
5313,5031,1
5316,4585,1
5318,5491,1
5320,22048,1
5321,2074,1
5325,520,1
5326,19914,1
5324,2074,1
5332,1443,1
5332,22059,1
1354,27542,1
1355,23111,1
1355,23114,1
1357,23111,1
1359,23111,1
1359,23114,1
1396,26324,1
1866,23456,1
1870,23456,1
1871,23456,1
1872,23456,1
1873,23456,1
1877,23456,1
1889,11425,1
1889,11451,1
1889,18816,1
1890,11425,1
1890,11451,1
1890,18816,1
1923,23456,1
1924,23456,1
1925,23456,1
1926,23456,1
1927,23456,1
1928,23456,1
1929,23456,1
1946,23456,1
1947,23456,1
1948,23456,1
1949,23456,1
1950,23456,1
1951,23456,1
1952,23456,1
1953,23456,1
1954,23456,1
1955,23456,1
1956,23456,1
1957,23456,1
1958,23456,1
1959,23456,1
1961,23456,1
4176,14014,1
4187,14011,1
2574,231,1
2575,231,1
2583,228,1
2587,228,1
6705,14011,1
6707,6492,1
6710,10392,1
6711,19702,1
6712,3179,1
6714,14012,1
6714,14014,1
6715,14012,1
6716,14011,1
6718,14011,1
6718,14012,1
6719,14012,1
6723,17068,1
6726,17071,1
6727,17059,1
6727,17072,1
6728,17073,1
6729,17061,1
6730,17075,1
6733,14012,1
6734,14011,1
6735,3332,1
4751,10195,1
4751,20425,1
6804,24038,1
6806,23233,1
6810,23230,1
6810,23233,1
6811,23230,1
6812,23224,1
4772,632,1
6837,7121,1
6837,19441,1
6840,2577,1
729,230,1
746,6492,1
755,6492,1
761,6492,1
763,6486,1
770,6492,1
771,6492,1
772,6492,1
780,6492,1
781,6492,1
782,6492,1
783,6492,1
784,6492,1
823,6498,1
833,23706,1
834,23706,1
835,23706,1
836,23706,1
837,23706,1
839,23706,1
840,23706,1
848,23706,1
853,23706,1
856,23706,1
868,23706,1
869,23706,1
870,23706,1
874,23706,1
875,23706,1
876,23706,1
878,23706,1
879,23706,1
884,23706,1
885,23706,1
886,23706,1
887,23706,1
888,23706,1
2983,2549,1
996,17069,1
997,17037,1
997,17056,1
997,17069,1
998,17037,1
998,17056,1
998,17069,1
999,17037,1
1007,17063,1
3165,22926,1
3182,10566,1
3193,4682,1
3217,14011,1
3239,4667,1
3240,4667,1
3240,4682,1
5477,19465,1
5478,21335,1
5479,20430,1
5480,21388,1
5481,19465,1
5482,19465,1
5483,6867,1
5484,19465,1
5485,19465,1
5487,19465,1
5488,19465,1
5561,2104,1
5562,41,1
5563,21882,1
5564,25661,1
5565,25037,1
5566,25523,1
5568,27744,1
5568,27754,1
5573,7859,1
5577,15632,1
5577,20414,1
5583,22926,1
3967,25413,1
6023,25858,1
3988,16397,1
3988,16408,1
3989,16397,1
5764,4743,1
5765,1195,1
5767,27744,1
5768,12141,1
5770,1191,1
5770,1194,1
5772,21335,1
5773,4112,1
5774,4743,1
5790,25396,1
5791,25397,1
5792,25398,1
5793,25399,1
5794,25400,1
5795,25401,1
5796,25402,1
5797,25403,1
5798,25404,1
5799,25400,1
5800,25396,1
5800,25406,1
5801,25407,1
5805,6498,1
5816,6492,1
5817,6486,1
5817,6492,1
5817,6498,1
5818,2449,1
5819,6486,1
5819,6498,1
5820,6486,1
5821,6486,1
5822,6492,1
5823,6492,1
5825,6486,1
5872,6492,1
5873,6498,1
5875,6492,1
3886,16397,1
3886,16408,1
3887,16408,1
3891,16397,1
3891,16408,1
3893,16397,1
3895,16408,1
3902,16397,1
3909,16397,1
3909,16408,1
3912,16397,1
3926,16408,1
3927,16408,1
3935,16408,1
6009,7898,1
3962,25413,1
3963,25413,1
3964,25413,1
3965,25413,1
3966,25413,1
3981,16408,1
3984,16397,1
6027,3969,1
6029,4677,1
6030,7939,1
6031,7931,1
6032,7896,1
6034,7934,1
6036,7900,1
6038,7923,1
6038,7938,1
6039,7939,1
6041,7941,1
6043,7943,1
6044,7911,1
6047,4682,1
6051,4672,1
6054,4675,1
6054,4690,1
6056,4677,1
6056,4692,1
6058,4679,1
6059,4668,1
1964,12388,1
4013,14014,1
6062,7905,1
6063,7909,1
6064,7912,1
6065,7913,1
6066,7914,1
6068,7916,1
6067,7915,1
2003,231,1
4076,14012,1
6193,18286,1
6194,18287,1
6195,18288,1
6196,18289,1
6198,18291,1
6199,18292,1
6201,18294,1
6202,18295,1
6203,18296,1
6204,18297,1
6205,18298,1
6206,18299,1
6207,18300,1
6208,18301,1
6209,18302,1
6210,18303,1
6211,18304,1
6212,18305,1
6213,18306,1
6214,18307,1
6215,18308,1
2376,3591,1
2432,3585,1
2441,3588,1
2447,27559,1
2452,3585,1
2452,3590,1
2473,3586,1
6688,20710,1
6688,20744,1
6690,20746,1
6691,22534,1
6695,20751,1
6698,20754,1
6699,20755,1
6700,20756,1
6701,20757,1
6702,20758,1
4660,20768,1
2622,18321,1
2624,18321,1
2629,18321,1
2630,18321,1
2631,18321,1
2632,18321,1
2633,18321,1
2634,18321,1
2638,2531,1
2641,2535,1
2642,2539,1
2643,2535,1
2665,18321,1
2668,18321,1
2669,18321,1
6830,19645,1
4965,19872,1
4966,14400,1
4966,21033,1
4968,19525,1
4969,1889,1
4970,25394,1
4971,2561,1
4973,24370,1
4974,2102,1
4977,20785,1
4979,5510,1
1030,22050,1
1059,2540,1
1067,6000,1
3131,2528,1
1114,22050,1
3176,25103,1
3178,6254,1
1327,6228,1
1337,6233,1
1338,6233,1
1339,6226,1
1344,6233,1
1347,6233,1
1379,5502,1
1408,6233,1
1411,6232,1
5515,9825,1
5516,9826,1
5517,9827,1
5518,9828,1
5519,9829,1
5520,9830,1
1424,21721,1
5522,9832,1
5521,9831,1
5525,9835,1
5524,9834,1
5526,9836,1
5528,9838,1
5527,9837,1
5530,9840,1
5531,9841,1
5529,9839,1
5543,9711,1
5545,9713,1
5546,9714,1
5547,9715,1
5548,9716,1
5549,9717,1
5550,9718,1
5551,9719,1
5552,9720,1
5553,9721,1
5554,9722,1
5567,12195,1
5569,18494,1
5575,11372,1
5581,7721,1
5582,13759,1
5584,22331,1
5586,3582,1
5587,15389,1
5635,23142,1
5636,8272,1
5641,15810,1
5642,19155,1
5642,21695,1
5645,18385,1
5647,1858,1
5648,22528,1
5651,19911,1
5653,12264,1
5654,3297,1
5656,24380,1
5657,16269,1
5660,5496,1
5771,20146,1
3790,23376,1
5884,19150,1
5885,19151,1
5887,19153,1
5889,19155,1
5890,19156,1
5891,19157,1
5892,19158,1
5893,19159,1
5894,19160,1
5895,19161,1
5896,19162,1
5898,19164,1
5899,20072,1
5900,20073,1
5901,20074,1
5902,20075,1
5904,20077,1
5904,26125,1
5905,20078,1
5906,20079,1
5907,20080,1
5908,20081,1
5909,20082,1
5910,20083,1
5911,20084,1
5912,20085,1
5914,20087,1
5915,20088,1
5916,20089,1
5917,20080,1
5918,20082,1
5961,6220,1
5967,2404,1
5983,20147,1
5984,1671,1
5986,20145,1
5987,20148,1
5990,9172,1
5991,1651,1
4096,15059,1
4096,15069,1
4098,15059,1
4099,15059,1
4100,22346,1
4108,15059,1
4109,22346,1
6106,8770,1
4112,15069,1
4113,22346,1
4123,15059,1
4124,15069,1
4125,15069,1
4126,15059,1
4128,15059,1
4128,15069,1
4129,15059,1
4129,15069,1
4130,15059,1
4131,15059,1
6182,24701,1
6187,15089,1
6188,15219,1
6192,13273,1
4080,22346,1
57,8006,1
57,8018,1
58,7994,1
58,8018,1
76,7963,1
77,7948,1
77,7963,1
78,7963,1
78,8010,1
4088,22346,1
4089,22346,1
4074,22346,1
4090,22346,1
4092,22346,1
23,7994,1
23,8018,1
24,8006,1
32,7998,1
33,8018,1
34,7994,1
34,8006,1
34,8018,1
35,8018,1
37,7994,1
37,8018,1
38,8006,1
38,8018,1
4078,22346,1
2248,27457,1
2249,27457,1
43,7994,1
4079,22346,1
4661,5682,1
4666,843,1
6748,22337,1
6749,22338,1
6753,22342,1
6754,22343,1
6755,22344,1
6757,22346,1
6759,2167,1
6764,26780,1
6763,18431,1
6765,4549,1
6770,15062,1
6771,563,1
2676,27457,1
2677,27457,1
2678,27457,1
6775,15067,1
6777,15069,1
2679,27457,1
2680,27457,1
2681,27457,1
2682,27457,1
2684,27457,1
2688,27460,1
2685,27457,1
2687,27462,1
725,18665,1
726,18665,1
5058,1445,1
5060,20003,1
5064,10645,1
5067,15095,1
5070,24730,1
6750,22339,1
6756,22345,1
6769,15051,1
6769,15061,1
6772,15054,1
6772,15064,1
6773,15065,1
5605,18655,1
5605,18668,1
5606,18656,1
5607,18657,1
5607,18670,1
5608,18658,1
5608,18671,1
5609,18659,1
5611,18661,1
5611,18674,1
5612,18675,1
5613,18663,1
5615,18665,1
5616,18666,1
5616,18679,1
5617,18680,1
5621,6531,1
5632,6531,1
6103,7980,1
6104,7981,1
2006,27457,1
2007,27457,1
6100,7977,1
3993,5666,1
3993,5682,1
4016,22346,1
4020,22346,1
6071,21893,1
6071,21907,1
6072,21894,1
4021,22346,1
4022,22346,1
4023,22346,1
6076,21898,1
6077,21899,1
6077,21913,1
6079,21901,1
6079,21915,1
4024,22346,1
6082,21904,1
6082,21918,1
6083,7960,1
6084,7961,1
6085,7962,1
6086,7998,1
6086,8010,1
6087,8011,1
6090,7967,1
6091,7968,1
6092,7969,1
6093,7970,1
6095,7972,1
6096,7973,1
6097,7974,1
6099,7976,1
6098,7975,1
2005,27457,1
6110,15075,1
6115,4804,1
6117,24867,1
6121,2584,1
6124,2254,1
6101,7978,1
6128,13880,1
6126,12201,1
6137,7961,1
6138,7948,1
6105,7982,1
4085,22346,1
6846,4654,1
6847,4654,1
6848,958,1
6849,5490,1
6849,21253,1
6851,21253,1
6852,4654,1
6853,4654,1
6854,4654,1
6854,10733,1
6855,19627,1
6856,4654,1
6857,4654,1
6858,5091,1
6859,4654,1
6859,10733,1
6860,2646,1
2832,25950,1
2834,25950,1
2836,18223,1
2837,18207,1
2837,18223,1
2861,25950,1
2862,25950,1
2869,18207,1
2870,11010,1
2870,18207,1
2872,18223,1
2873,25950,1
2875,25950,1
2876,25950,1
2877,25950,1
2878,25950,1
2878,25967,1
2879,25950,1
2879,25967,1
2880,25950,1
2880,25967,1
2881,25950,1
2882,25950,1
2883,25950,1
2884,25950,1
2888,25950,1
2889,25967,1
2891,25950,1
2892,25950,1
2894,25950,1
2895,25950,1
2896,25950,1
2919,25950,1
2927,25950,1
2928,11010,1
2929,18207,1
2935,18207,1
2936,25950,1
2940,11010,1
2940,18207,1
1464,15242,1
3288,10733,1
3302,22577,1
3307,22577,1
3322,10733,1
3323,22577,1
3337,5490,1
3337,9407,1
3338,10733,1
3339,4654,1
3339,10733,1
3346,22577,1
3347,22577,1
3356,4654,1
3356,10733,1
3358,4654,1
3358,10733,1
3359,4654,1
3359,10733,1
3362,15247,1
3363,22577,1
1428,15242,1
1431,4234,1
1431,4238,1
1433,15242,1
1436,15242,1
1448,4234,1
3497,18207,1
3499,18207,1
3499,18223,1
1450,4238,1
1451,4238,1
1452,4238,1
3503,18207,1
3503,18223,1
1456,4238,1
1457,4238,1
1458,4238,1
1460,4234,1
1461,4234,1
1461,4238,1
1463,4238,1
3513,18223,1
3514,18207,1
3515,18223,1
1482,4238,1
3532,18223,1
3533,18207,1
3534,18207,1
3534,18223,1
3534,19983,1
3535,19996,1
1489,4234,1
1489,4238,1
3537,18223,1
3537,19996,1
3538,18223,1
3563,10684,1
3565,10684,1
3566,10685,1
3567,5490,1
1515,4238,1
1516,4234,1
3570,5490,1
3570,21253,1
3571,5490,1
3572,9407,1
3573,5490,1
3573,6633,1
3574,9407,1
3592,10685,1
3621,5490,1
3621,21253,1
3623,18223,1
3630,10685,1
5679,1625,1
3633,18207,1
3634,18223,1
5681,8269,1
5685,10685,1
5682,19073,1
5687,19076,1
1651,4238,1
1652,4234,1
1653,4238,1
1654,4238,1
1655,15242,1
1657,4234,1
1658,15242,1
1659,4238,1
1,5132,1
6233,13712,1
6237,13716,1
6238,13717,1
6239,23353,1
6239,23360,1
6240,13719,1
6241,13720,1
6242,13721,1
6243,13722,1
6244,26527,1
6246,23354,1
6246,23355,1
6246,23357,1
6246,23361,1
6248,11973,1
6249,23351,1
6249,23354,1
6249,23360,1
6250,23360,1
6251,10248,1
6252,23354,1
6252,23359,1
6255,23355,1
6255,23357,1
6256,26212,1
6258,23358,1
223,5132,1
224,5132,1
225,5132,1
226,5132,1
227,5132,1
228,5132,1
229,5132,1
230,5132,1
231,5132,1
232,5132,1
4326,23361,1
235,10168,1
236,10170,1
236,10172,1
237,10168,1
239,5132,1
240,10169,1
240,10170,1
4347,23361,1
4350,23361,1
4357,23361,1
4358,23361,1
6419,11109,1
6420,11109,1
4373,23361,1
4374,23361,1
4375,23361,1
6422,13268,1
6421,11109,1
6428,11109,1
6429,11109,1
6430,24316,1
6431,11109,1
4384,23361,1
4385,25105,1
6432,12862,1
6435,21777,1
4394,23361,1
4395,23361,1
4422,3184,1
4425,3202,1
334,27493,1
339,27493,1
4436,3212,1
4437,3185,1
4437,3212,1
4437,8095,1
343,27493,1
4439,3212,1
345,27493,1
4443,3211,1
4446,3186,1
4446,3212,1
4447,11109,1
4448,11109,1
353,27493,1
4451,3211,1
4452,3211,1
4455,3186,1
4465,3809,1
4469,11109,1
4473,11109,1
4474,11109,1
4475,11109,1
4478,3810,1
4479,11109,1
4498,11109,1
4499,11109,1
4500,11109,1
4505,3185,1
4505,3186,1
4507,3202,1
4508,3198,1
4509,3186,1
4511,3184,1
4511,3185,1
4511,3186,1
4513,3198,1
4514,3202,1
4516,3202,1
4517,3184,1
4518,3210,1
4520,3185,1
4520,3210,1
4520,3211,1
4521,3211,1
4522,3211,1
4523,3211,1
4525,3185,1
4525,3210,1
4525,3211,1
4526,3185,1
4526,8095,1
4527,3185,1
4537,3185,1
4537,3186,1
4537,3198,1
4537,3202,1
4538,3186,1
4545,23355,1
4550,23352,1
4550,23357,1
4554,23353,1
4569,23354,1
4583,23356,1
4583,23358,1
4605,23352,1
4618,23357,1
4620,23352,1
4620,23361,1
4622,23354,1
4622,23355,1
4623,23353,1
4623,23355,1
4623,23357,1
4625,23352,1
4625,23358,1
4648,23357,1
617,14985,1
2758,3198,1
2760,3184,1
2796,3185,1
2797,3198,1
2798,3186,1
2800,3202,1
2801,3184,1
2801,3185,1
2801,3186,1
2803,3198,1
2804,3184,1
2805,3184,1
5010,13717,1
5013,2335,1
5015,2335,1
5019,21777,1
5020,21778,1
5021,21779,1
5022,21780,1
5023,21795,1
5024,21782,1
5025,21808,1
5026,21784,1
5026,21798,1
5026,21809,1
5027,21785,1
5027,21810,1
5030,21788,1
5031,21789,1
5032,21790,1
5033,12609,1
5034,12610,1
5035,12611,1
5036,12612,1
5037,12613,1
5038,12614,1
5039,12615,1
5040,12616,1
5041,12617,1
5042,12618,1
5044,12614,1
5045,13111,1
5046,1213,1
5047,18098,1
5048,27160,1
5051,12858,1
5051,12925,1
5052,1579,1
5054,2764,1
5054,5132,1
5055,5132,1
5098,26330,1
5098,26342,1
5100,10162,1
3132,22501,1
3133,22500,1
3134,22500,1
3136,22500,1
3143,22500,1
3148,22500,1
3148,22501,1
3148,22502,1
3344,26331,1
5532,10241,1
5533,10242,1
5534,10243,1
5535,10244,1
5536,10245,1
5537,10246,1
5538,10247,1
5539,10248,1
5540,10249,1
5541,10250,1
5542,10251,1
6423,18495,1
3648,3186,1
3658,3198,1
6427,7036,1
3668,3184,1
3668,3198,1
3674,3184,1
3674,3186,1
3674,3198,1
3674,3202,1
3675,3198,1
3678,3186,1
3678,3202,1
3681,3184,1
3681,3186,1
3682,3198,1
3685,3186,1
3685,3202,1
3686,3198,1
3686,3202,1
3686,3210,1
3687,3184,1
3688,3186,1
3689,8095,1
3693,3186,1
3693,3212,1
3704,3185,1
3705,3202,1
3709,3184,1
3709,3198,1
3711,3186,1
3718,3184,1
3792,23354,1
3794,23352,1
3794,23353,1
3795,9120,1
1749,19196,1
1750,19196,1
3799,9120,1
1751,19196,1
1752,19196,1
1753,19196,1
3803,23352,1
3803,23353,1
3803,23361,1
1756,19194,1
3805,23356,1
3805,23357,1
3808,23357,1
3804,23359,1
1760,19197,1
1760,27488,1
3819,9120,1
3850,9120,1
1829,6449,1
1830,6449,1
1831,7039,1
1831,13010,1
1832,26207,1
1833,26207,1
1835,26207,1
1836,17433,1
1836,21646,1
1836,26207,1
1837,17525,1
1838,17525,1
1839,17525,1
1840,17525,1
1851,6449,1
1852,6449,1
1853,6449,1
1856,12609,1
3995,25105,1
6296,6571,1
6296,10006,1
6297,6571,1
6297,10006,1
6299,10005,1
6300,10005,1
6300,10006,1
6303,6571,1
6303,10005,1
6303,10006,1
6302,10006,1
6304,1578,1
6301,10006,1
6305,10005,1
379,9948,1
6526,15924,1
6532,20624,1
6536,2326,1
6541,21269,1
397,9949,1
408,9951,1
415,9950,1
2493,17082,1
2500,26965,1
2505,26965,1
2512,26965,1
2513,26965,1
2514,26965,1
2521,26965,1
2522,26965,1
2525,26965,1
2532,26965,1
2547,26965,1
2548,26965,1
2549,26965,1
2550,26965,1
2551,26965,1
2552,26965,1
4685,19070,1
4692,6107,1
4692,22526,1
613,24616,1
4716,22526,1
4717,306,1
4717,6107,1
4723,6107,1
686,24624,1
687,24620,1
687,24624,1
6894,10504,1
6894,10516,1
6894,10542,1
6895,10517,1
6896,10534,1
6897,10546,1
6898,10521,1
6903,10514,1
6903,10526,1
6905,24232,1
832,6648,1
832,17509,1
838,6648,1
843,5456,1
846,17509,1
846,19488,1
858,9300,1
858,19488,1
860,4228,1
860,19488,1
864,6648,1
864,17509,1
866,9300,1
872,17509,1
873,9300,1
877,6648,1
877,17509,1
880,19488,1
883,6648,1
883,9300,1
883,19488,1
891,19488,1
892,9300,1
892,17509,1
893,4228,1
893,9300,1
894,17509,1
896,4228,1
896,9300,1
897,4228,1
898,6648,1
911,6648,1
913,6648,1
914,19488,1
924,5456,1
5116,10030,1
5118,21681,1
5122,8383,1
1027,11277,1
5127,13890,1
1033,11277,1
5128,19728,1
5131,17082,1
5133,8273,1
5139,19018,1
1069,11277,1
1070,11277,1
1071,11277,1
1072,11277,1
5205,11849,1
5208,27886,1
5211,1327,1
5132,6543,1
3355,306,1
3355,19070,1
5422,27828,1
5423,27806,1
1335,17329,1
5434,13459,1
1342,306,1
1343,17329,1
1349,17329,1
1350,17329,1
1351,17329,1
1352,17329,1
5454,27801,1
5454,27823,1
1373,17329,1
1374,17329,1
3490,19070,1
3518,22526,1
3519,22526,1
3522,19070,1
3523,22526,1
5618,6526,1
5620,6528,1
5622,6532,1
5624,6534,1
5626,6536,1
5627,6540,1
5631,6529,1
5633,6536,1
5634,6534,1
3622,306,1
3622,19070,1
3624,19070,1
3627,19070,1
3627,22526,1
3636,306,1
3637,306,1
3637,19070,1
3638,306,1
3638,19070,1
5688,22526,1
5689,22526,1
5690,22526,1
5691,19070,1
5691,22526,1
5692,306,1
5692,6107,1
5693,306,1
5693,22526,1
5694,6107,1
5695,22526,1
5696,306,1
5696,6107,1
5696,22526,1
5697,19070,1
5698,6107,1
5699,306,1
5702,22526,1
5704,306,1
5704,19070,1
5704,22526,1
5705,22526,1
5706,22526,1
5715,23198,1
5717,13793,1
5721,25062,1
5920,17860,1
5923,17857,1
5924,17859,1
5925,17861,1
5926,24913,1
5929,3534,1
5930,24232,1
5935,23322,1
5937,21112,1
5938,17866,1
5942,24232,1
5943,20476,1
389,9952,1
9,26964,1
2065,13533,1
2075,7625,1
2075,27941,1
2076,13533,1
2082,23053,1
4155,26612,1
4159,23462,1
2119,9180,1
2119,20471,1
2120,23053,1
2121,23053,1
2124,13533,1
85,153,1
85,581,1
85,4361,1
4189,20822,1
89,1332,1
89,2879,1
90,2879,1
90,20250,1
93,1347,1
161,7635,1
161,16901,1
6313,20456,1
6314,20457,1
6312,20455,1
6315,20458,1
6316,20459,1
6317,20460,1
6319,20462,1
176,11959,1
6318,20461,1
6320,20463,1
6323,20466,1
6324,20467,1
6325,20468,1
6326,20469,1
6327,20470,1
6328,20471,1
6322,20465,1
6321,20464,1
6331,18457,1
6332,18444,1
6333,18445,1
6334,18446,1
6335,18447,1
6337,18449,1
6338,18450,1
6339,18451,1
6340,8667,1
6340,18452,1
198,27777,1
6343,18455,1
6344,18456,1
6345,18457,1
220,1332,1
6387,3999,1
6388,19918,1
6388,22536,1
6389,1527,1
6390,10802,1
6391,22536,1
6392,19918,1
6393,19918,1
6394,25365,1
6398,19918,1
367,26100,1
370,18457,1
6557,11382,1
6560,18872,1
6561,18872,1
6564,18885,1
6565,12166,1
6566,18871,1
6568,15077,1
2499,1347,1
2499,1362,1
2507,1347,1
2507,1362,1
2519,19806,1
2527,19806,1
2528,1362,1
2546,19806,1
2554,19806,1
2141,13534,1
4190,20467,1
4190,20822,1
4191,4001,1
4191,19169,1
4192,26080,1
4193,4001,1
4752,26091,1
6883,18904,1
6886,2275,1
6887,18894,1
6887,18904,1
6888,11614,1
6889,18885,1
6890,19624,1
6891,716,1
6892,26634,1
4847,26080,1
4849,18452,1
2948,23009,1
2955,23010,1
932,22333,1
2989,23024,1
949,27008,1
3088,22994,1
3088,23024,1
3089,23009,1
3092,22994,1
3092,23009,1
3093,23009,1
3095,23024,1
3096,22994,1
3096,23024,1
3098,22995,1
3099,23010,1
3101,22995,1
3101,23010,1
3102,23010,1
3102,23025,1
3103,23025,1
3104,23025,1
3105,22995,1
3106,22995,1
3106,23010,1
3106,23025,1
3107,23010,1
3107,23025,1
3110,22995,1
3110,23010,1
1065,4373,1
1065,20460,1
3126,22994,1
3126,23009,1
3126,23024,1
3201,7858,1
5776,23689,1
5777,13826,1
5779,10774,1
5781,25558,1
5783,10576,1
5784,7259,1
5788,5418,1
1797,7680,1
1798,11245,1
1804,2402,1
5972,21314,1
5973,21304,1
5974,21316,1
5975,21317,1
5977,21308,1
5980,21311,1
5981,21312,1
5982,21313,1
5982,21324,1
1962,20250,1
1972,25373,1
1973,25373,1
1977,25366,1
6139,26080,1
6163,4529,1
6162,19517,1
6166,24526,1
6167,5358,1
6168,20581,1
6170,5366,1
6171,6958,1
6177,3435,1
6178,24957,1
2109,9271,1
4168,20555,1
4168,20579,1
4168,20597,1
6216,10065,1
74,10047,1
74,10048,1
6220,23301,1
6224,10681,1
6225,15495,1
6229,14870,1
6232,19614,1
4205,27819,1
4206,27819,1
4207,27819,1
4208,27819,1
4209,27819,1
114,22298,1
115,22298,1
116,22298,1
117,22298,1
118,22298,1
119,22303,1
4240,27814,1
4241,27814,1
4242,27814,1
4248,27814,1
6307,4527,1
6308,4528,1
6309,4529,1
6310,4530,1
6311,4531,1
6329,18441,1
6330,18442,1
6336,18448,1
6341,18453,1
6342,18454,1
6348,27470,1
6349,22086,1
6353,27470,1
6354,12777,1
6355,25847,1
6356,13077,1
4308,6130,1
4309,6130,1
4310,6130,1
4311,6130,1
2265,6145,1
2266,21080,1
4315,6130,1
4316,6130,1
4317,6130,1
4318,6130,1
4319,17280,1
4320,17280,1
2268,21080,1
4321,17280,1
2273,6145,1
2273,21080,1
2276,21080,1
6371,12031,1
6372,3019,1
6373,13493,1
6374,25328,1
6376,3435,1
6376,4576,1
6381,21039,1
6384,25425,1
6385,16867,1
6383,20485,1
6382,22670,1
289,22297,1
290,22297,1
291,22297,1
6436,8567,1
6164,1198,1
292,22297,1
6165,16976,1
300,22291,1
300,22294,1
301,22294,1
306,22294,1
307,22314,1
308,22294,1
309,22294,1
309,22314,1
310,22294,1
310,22314,1
311,22314,1
313,22297,1
314,22297,1
315,22297,1
316,22297,1
317,22297,1
6169,19883,1
319,22297,1
318,22297,1
321,22297,1
322,22297,1
323,22314,1
325,22294,1
325,22314,1
320,22297,1
326,22297,1
328,22314,1
327,22297,1
330,22294,1
337,19167,1
340,19167,1
355,27470,1
356,27470,1
357,27470,1
358,27470,1
359,27470,1
368,19167,1
6368,12031,1
2576,25987,1
2577,25987,1
2578,25987,1
2579,25990,1
2580,25990,1
534,19894,1
2582,25990,1
2588,27588,1
4803,3026,1
4807,3612,1
4809,3017,1
4810,22965,1
4811,23240,1
4814,4530,1
4817,16020,1
4837,20579,1
4839,20581,1
4840,20582,1
4844,20582,1
4873,27582,1
4874,21610,1
4875,6994,1
4879,22670,1
4881,21615,1
4882,21615,1
4883,6513,1
5245,19882,1
5246,19883,1
5247,19884,1
5249,19886,1
5250,19887,1
5251,19888,1
5252,19889,1
5253,19890,1
5254,19891,1
5255,19892,1
5256,19893,1
5257,19894,1
5258,19895,1
5259,19896,1
5260,19897,1
5262,19883,1
5263,19884,1
5265,19887,1
5266,19890,1
5267,19893,1
5268,19894,1
5269,19895,1
5270,19887,1
5271,19887,1
5273,13840,1
5274,13838,1
5275,19883,1
5276,9616,1
5276,9630,1
5277,25108,1
5279,19887,1
5279,19896,1
5280,19882,1
5281,19883,1
5282,19887,1
5283,19882,1
5284,19884,1
5286,19886,1
5287,2083,1
5289,19891,1
5290,13830,1
5291,1815,1
5292,19889,1
5293,19893,1
5296,19895,1
4312,6130,1
4313,6130,1
6357,10079,1
4323,17280,1
6360,26862,1
6363,25121,1
6366,10706,1
5406,27824,1
5407,27803,1
6367,3026,1
5410,27805,1
5411,27829,1
5415,27810,1
5419,6513,1
5418,27805,1
5424,27802,1
5425,27807,1
5426,27826,1
5430,27822,1
5431,27808,1
5432,27825,1
6377,26860,1
6378,1395,1
5489,2329,1
5490,18359,1
5492,24346,1
5494,13491,1
5495,21610,1
5497,20581,1
5504,864,1
5509,5303,1
5509,18358,1
5509,19895,1
5508,10799,1
5513,7519,1
302,22294,1
69,2012,1
4251,20658,1
4251,20673,1
4252,20658,1
4253,20673,1
4254,20673,1
4255,20658,1
4257,20647,1
4258,20647,1
4263,20647,1
162,26687,1
4267,20647,1
4268,20647,1
4268,20662,1
4269,20647,1
4269,20662,1
4270,20647,1
4270,20662,1
174,18379,1
174,19930,1
4273,20662,1
4274,20658,1
4274,20673,1
4275,20647,1
4276,1053,1
4276,4422,1
4276,19664,1
4277,19664,1
4278,4422,1
4278,10674,1
4279,9858,1
4280,10677,1
4282,23313,1
4283,14049,1
4284,10674,1
4285,4422,1
4285,10674,1
4287,14049,1
2243,20642,1
2244,20642,1
2246,20642,1
2247,20642,1
2242,8274,1
195,7574,1
2269,10409,1
2298,20309,1
2301,20309,1
2302,6106,1
2303,1255,1
2307,20309,1
2308,6106,1
2309,20292,1
2309,20309,1
2317,20292,1
2317,20309,1
2318,6106,1
2321,20292,1
2321,20309,1
2323,20309,1
2329,1255,1
2329,26171,1
2335,20309,1
2337,6106,1
2342,20292,1
2342,20309,1
2347,16418,1
2348,20306,1
2353,20292,1
2353,20309,1
2354,3581,1
2355,26171,1
2369,20309,1
2370,20292,1
2372,6106,1
2374,6106,1
2375,3581,1
372,26801,1
2428,3581,1
2431,24297,1
2433,3581,1
2437,6106,1
2440,6094,1
2440,6106,1
2442,6106,1
2444,6106,1
2446,6094,1
2451,24297,1
2453,1255,1
2453,26171,1
2454,3581,1
2456,24297,1
2458,3581,1
2460,3581,1
2461,24297,1
2462,26171,1
2463,24297,1
2464,3581,1
2466,24297,1
2468,3581,1
2469,24297,1
2471,3581,1
2472,1255,1
2474,24297,1
2478,6094,1
2478,6106,1
2482,20292,1
2483,6106,1
2594,18199,1
2595,18199,1
2597,20642,1
2603,18199,1
2610,18199,1
2613,20642,1
2614,18199,1
4790,4280,1
4792,4282,1
4793,4283,1
4794,4284,1
4795,4285,1
4796,4286,1
4797,4287,1
4798,4288,1
4799,4289,1
4800,4290,1
4801,4290,1
2763,4282,1
2764,4282,1
2765,4282,1
2787,4282,1
2788,4282,1
2789,4282,1
2790,4282,1
2791,4282,1
2792,4282,1
2793,4282,1
759,11202,1
2865,5644,1
828,11202,1
183,26808,1
184,7574,1
962,21729,1
1024,5645,1
3196,5641,1
3196,5643,1
3198,5641,1
3199,5644,1
3203,5640,1
3203,5642,1
3203,5644,1
3204,5639,1
3204,5642,1
3206,5641,1
3206,5642,1
3206,5644,1
3208,5643,1
3209,5641,1
3209,5643,1
3216,5639,1
3216,5641,1
3219,5644,1
3221,5643,1
3222,5641,1
3222,5643,1
3224,5642,1
3225,5639,1
3225,5641,1
3225,5643,1
3226,5644,1
3227,5641,1
3227,5642,1
3229,5644,1
5436,23541,1
5437,18901,1
5438,18379,1
5439,20379,1
5439,26808,1
5443,23519,1
5445,18890,1
5456,17968,1
5460,10564,1
5461,18196,1
5462,21729,1
5462,23187,1
5463,4948,1
5463,17665,1
5465,6575,1
5465,6576,1
5465,6578,1
3426,25515,1
3427,21338,1
3427,25515,1
3431,3906,1
280,25738,1
283,25734,1
3473,11556,1
3484,11556,1
3485,11556,1
5672,20379,1
3861,14049,1
1939,4290,1
4035,20658,1
4035,20673,1
4036,20658,1
4037,20658,1
4038,20658,1
4038,20673,1
4039,20658,1
4054,10775,1
6146,21985,1
6152,9569,1
6154,24579,1
6155,6588,1
6156,21924,1
6157,23641,1
6281,475,1
6282,4012,1
6294,22587,1
4540,18968,1
4542,26152,1
4543,18968,1
4546,18955,1
4551,18955,1
4555,26152,1
4556,26152,1
4557,18968,1
4560,18955,1
4567,18955,1
4570,26152,1
4571,18955,1
4572,18968,1
4575,18955,1
4576,18955,1
4577,18955,1
4578,18955,1
4579,18968,1
4580,18968,1
4581,18017,1
4587,26139,1
4591,26140,1
6653,9286,1
4607,26152,1
4608,26152,1
4609,26152,1
4610,26152,1
4611,26152,1
4612,26152,1
4613,26152,1
4614,26152,1
4616,26136,1
6657,5887,1
6657,5901,1
4626,18955,1
4627,18968,1
4628,18968,1
4629,18968,1
4630,18968,1
4631,18968,1
4632,18968,1
4633,18968,1
4643,18955,1
4644,18017,1
4649,18955,1
4652,18955,1
4654,18955,1
4655,18955,1
4656,18955,1
580,23604,1
6780,25014,1
6782,25027,1
6783,24994,1
6785,25020,1
6786,25021,1
6786,25033,1
6787,25010,1
6787,25034,1
6788,24999,1
6788,25011,1
6788,25035,1
6789,25012,1
6789,25036,1
2689,27633,1
2690,8544,1
2690,8549,1
2691,8549,1
6796,12949,1
6798,20360,1
6802,16375,1
4766,9569,1
4768,26551,1
4769,19296,1
2809,670,1
4889,18845,1
4891,1459,1
4893,9998,1
4897,9194,1
4902,1498,1
4903,15496,1
4917,23452,1
4918,18227,1
4919,18211,1
4920,10720,1
4920,18211,1
4921,10720,1
4921,18211,1
4921,18227,1
4922,15587,1
4924,21325,1
4926,18227,1
4928,18211,1
4932,20266,1
4933,12834,1
4934,20265,1
4937,20264,1
4938,18944,1
4941,19641,1
4945,10262,1
4954,10285,1
4960,10278,1
4962,10285,1
4963,10282,1
3028,12622,1
3046,18995,1
3068,23450,1
3074,23445,1
3075,23450,1
3077,23454,1
3078,23450,1
3081,23445,1
3081,23446,1
3081,23450,1
3082,23444,1
3083,23445,1
3084,23450,1
1169,16740,1
1180,16740,1
1188,4862,1
1188,12602,1
1190,16740,1
1242,16740,1
1243,16740,1
1244,16740,1
1425,21496,1
3516,12602,1
3516,16659,1
3516,18995,1
3517,19179,1
5714,24355,1
5853,26701,1
5854,26702,1
5857,26741,1
5858,26707,1
5861,26745,1
5863,17898,1
5994,1069,1
5996,7830,1
5997,24983,1
6000,26073,1
6001,15625,1
6002,24019,1
6005,25046,1
6006,8080,1
2052,10354,1
2053,10354,1
2054,10354,1
2055,10354,1
2056,10354,1
2057,10354,1
4140,17247,1
4177,17243,1
4203,3944,1
4203,11364,1
120,8684,1
4250,17247,1
2251,10354,1
2252,10354,1
214,19795,1
215,19796,1
221,19802,1
4493,16398,1
6654,11576,1
6658,11571,1
6659,11611,1
4699,1385,1
4699,1401,1
4755,10310,1
4761,10513,1
4781,15151,1
4804,2605,1
4805,1450,1
2756,8300,1
714,6527,1
715,6527,1
716,6527,1
717,6527,1
2761,17262,1
2795,4577,1
4848,26276,1
4852,16363,1
6902,10513,1
6902,10525,1
4854,25593,1
4856,25981,1
4859,26294,1
4859,26303,1
4860,1725,1
4862,10328,1
4866,17840,1
4867,936,1
4984,21483,1
4985,21486,1
4985,21491,1
4986,21485,1
4987,21486,1
4988,21487,1
4989,21488,1
4990,21489,1
4991,21490,1
4992,21491,1
4993,21492,1
4994,21493,1
4995,3093,1
4995,3104,1
4996,3105,1
4997,3106,1
4998,3107,1
5001,3110,1
5002,3100,1
5002,3111,1
5002,3122,1
5003,3101,1
5003,3123,1
5004,3102,1
5005,3103,1
5005,3125,1
2982,23229,1
2991,1303,1
944,16387,1
944,16398,1
3023,1303,1
3023,1398,1
3024,4138,1
3032,1385,1
3062,26779,1
5112,10293,1
3122,23642,1
2250,10354,1
1123,7875,1
1128,18078,1
1128,25424,1
1166,26947,1
1166,26948,1
1178,26949,1
1184,26943,1
3248,1385,1
1348,23262,1
1362,10525,1
1364,10513,1
1365,10513,1
1400,23642,1
3524,12255,1
5590,17799,1
5590,17812,1
5591,17813,1
5592,17801,1
5592,17814,1
5594,17816,1
5596,17818,1
5597,17819,1
5598,17820,1
5599,17821,1
5600,17809,1
5602,17811,1
5619,6527,1
1524,23229,1
1525,23229,1
1527,23229,1
1528,23229,1
1526,23229,1
5625,6535,1
1523,3895,1
1724,13905,1
1725,13905,1
1726,13905,1
1726,13910,1
1728,13910,1
1730,13910,1
3860,8287,1
3862,8313,1
3863,8287,1
3864,8300,1
3864,8313,1
3865,8287,1
3865,8300,1
3865,8313,1
3866,8313,1
3867,8287,1
3868,8313,1
3869,8287,1
3880,8300,1
3881,8287,1
3881,8300,1
3882,8287,1
3882,8300,1
3882,8313,1
3923,11027,1
3928,16387,1
1888,16298,1
3960,1385,1
3960,1401,1
2017,10354,1
4069,17247,1
2045,10354,1
2067,21213,1
2068,21213,1
22,19710,1
2074,21213,1
30,8183,1
2087,21213,1
39,3368,1
40,8183,1
2098,21213,1
56,8183,1
2110,21213,1
2111,21213,1
2112,21213,1
62,16410,1
68,18396,1
75,8183,1
6261,13511,1
6262,25855,1
6263,2639,1
121,16410,1
125,16410,1
6266,11513,1
6272,4071,1
6273,19714,1
6274,15018,1
6276,18162,1
4246,6112,1
2210,21213,1
4324,26421,1
4324,26486,1
4325,26447,1
4325,26499,1
4327,26408,1
4327,26512,1
4329,26447,1
4329,26486,1
4329,26499,1
4330,26395,1
4331,26408,1
4332,11526,1
4339,11513,1
4341,11526,1
4341,11539,1
4341,11552,1
4345,11509,1
4348,11552,1
4349,11509,1
4353,26460,1
4353,26499,1
4354,11513,1
4355,11513,1
4362,11509,1
4362,11526,1
4362,11539,1
4363,11513,1
4364,11509,1
4364,11539,1
4364,11552,1
4365,11513,1
4367,11513,1
4368,11513,1
4372,16004,1
4377,11513,1
4378,11513,1
4379,11513,1
4389,11513,1
6438,4320,1
6438,4322,1
4390,11513,1
6444,6561,1
6444,6562,1
6444,6566,1
4403,11513,1
4404,11513,1
4406,11513,1
4407,11513,1
4405,11513,1
4410,26421,1
4410,26434,1
4410,26499,1
4411,11509,1
4411,11526,1
4411,11539,1
4411,11552,1
4412,11539,1
4416,11509,1
4416,11526,1
4416,11539,1
4417,26499,1
4417,26512,1
4418,26408,1
4418,26499,1
346,24878,1
346,24880,1
4539,19721,1
4541,19721,1
4544,6120,1
4552,19721,1
4553,19721,1
4558,6120,1
4559,6120,1
4563,6120,1
4564,6120,1
4565,6120,1
4566,16004,1
4573,19721,1
4594,6120,1
4595,6120,1
4596,6120,1
4597,6120,1
4598,6120,1
4599,19721,1
4600,19721,1
4601,19721,1
3764,6913,1
4602,19721,1
4603,19721,1
3763,25747,1
4645,6120,1
4647,6120,1
4650,19721,1
4653,19721,1
4687,10626,1
4687,10745,1
2675,3517,1
739,7202,1
744,5424,1
2816,6918,1
2817,6918,1
6268,19715,1
6270,21674,1
6271,5870,1
4980,25556,1
1036,16410,1
5163,7307,1
5163,7314,1
5164,7307,1
5164,7314,1
5165,15085,1
5166,20849,1
5167,7307,1
5167,7314,1
5168,7307,1
5171,6424,1
5172,7314,1
1340,12019,1
5475,3941,1
1384,12019,1
1385,15422,1
1386,12019,1
1386,15422,1
1387,12019,1
1387,15422,1
1388,15422,1
1390,15422,1
1391,12019,1
1391,15422,1
5667,19935,1
5668,13286,1
5671,19936,1
5673,26239,1
5675,845,1
5677,19923,1
3766,6913,1
3765,6913,1
3767,6913,1
3768,6913,1
3776,25752,1
3777,25752,1
3781,6918,1
3785,6913,1
1776,20231,1
1779,20222,1
1782,20232,1
1783,20221,1
1783,20231,1
1785,20232,1
1786,20222,1
1787,20222,1
1788,20232,1
1790,25688,1
1820,20221,1
1821,20221,1
1822,20230,1
1824,20232,1
1826,20221,1
1826,20231,1
1827,15260,1
1828,15249,1
5956,19910,1
5958,16885,1
5968,3556,1
2024,21213,1
2025,21213,1
2026,21213,1
2027,21213,1
2028,21213,1
4173,11131,1
4180,11131,1
4180,11160,1
4182,11130,1
4183,11111,1
4183,11122,1
4183,11131,1
4185,11131,1
173,18831,1
2239,23237,1
191,25522,1
4289,19879,1
4297,9819,1
205,18041,1
206,18056,1
207,18026,1
208,18041,1
209,18041,1
210,18056,1
2257,23371,1
2296,16422,1
2304,26163,1
6425,9816,1
2334,16422,1
2338,26163,1
2340,16422,1
2341,20101,1
2341,20118,1
2344,20101,1
2344,20118,1
2344,20135,1
2349,23306,1
2350,16422,1
2351,16422,1
2352,20135,1
2359,20101,1
2359,20135,1
2363,23306,1
2365,20101,1
2366,20135,1
2367,20118,1
2367,20135,1
4430,9819,1
4431,9819,1
4432,15278,1
4435,9819,1
4435,17517,1
2405,26163,1
2406,26163,1
2407,26163,1
2408,26163,1
2409,26163,1
2410,26163,1
2411,26163,1
2412,26163,1
2413,26163,1
2415,20101,1
2417,20101,1
2418,20101,1
2419,20135,1
2421,20135,1
2422,20118,1
2422,20135,1
2423,20135,1
2424,20101,1
2424,20118,1
2448,26163,1
2449,26163,1
2450,26163,1
6545,15901,1
6547,15903,1
6546,15902,1
6549,15905,1
6548,15904,1
6551,15907,1
6552,15908,1
6555,15910,1
6554,15910,1
6550,15906,1
2479,20101,1
4528,9819,1
4530,17517,1
4531,9819,1
4531,15278,1
4531,17517,1
4532,15278,1
4533,9819,1
2485,26220,1
4535,9819,1
4535,15278,1
4536,15278,1
2590,10722,1
4684,14998,1
4686,8938,1
611,17847,1
614,17847,1
615,17847,1
621,17827,1
4715,14998,1
625,24613,1
625,24635,1
626,24613,1
4724,8938,1
629,17847,1
630,17847,1
4725,9028,1
632,17847,1
633,17847,1
4726,8968,1
639,24613,1
641,24635,1
642,24613,1
642,24635,1
654,17827,1
655,17827,1
660,24617,1
660,24621,1
661,24617,1
661,24621,1
662,24617,1
663,24617,1
663,24621,1
664,24617,1
665,24617,1
665,24621,1
666,24617,1
668,24617,1
668,24621,1
669,24621,1
670,24621,1
672,17827,1
672,17847,1
673,17827,1
674,17827,1
675,17827,1
676,17827,1
677,17827,1
680,17827,1
680,17847,1
681,17827,1
681,17847,1
682,17827,1
683,24613,1
684,24613,1
684,24635,1
685,24613,1
685,24635,1
697,24617,1
697,24621,1
699,24621,1
701,24621,1
702,24617,1
702,24621,1
705,24617,1
728,24613,1
733,17847,1
734,17847,1
737,17847,1
738,24613,1
738,24635,1
741,17847,1
2941,2730,1
3026,10438,1
3214,18472,1
4742,8878,1
4742,8908,1
4742,9028,1
3660,7470,1
3714,7473,1
1755,4177,1
5948,19545,1
5951,20481,1
6015,25861,1
6015,25862,1
6040,7940,1
6042,7908,1
3996,19879,1
6045,4680,1
6048,4683,1
6049,4684,1
6052,4688,1
6053,4674,1
6055,4676,1
6060,4684,1
4060,14998,1
4061,14998,1
15,15352,1
2070,19648,1
27,6812,1
2077,12907,1
2080,19648,1
2083,12907,1
2085,19648,1
2086,19648,1
2088,19648,1
2092,19648,1
2096,19648,1
2106,12907,1
2116,19648,1
2125,12907,1
2126,12907,1
2127,12907,1
2128,12907,1
6226,16007,1
4188,23599,1
2147,19648,1
2148,19648,1
2149,19648,1
2150,19648,1
2151,19648,1
2152,19648,1
2153,19648,1
2205,12907,1
2207,19648,1
4271,12922,1
199,22656,1
2283,5637,1
6403,12393,1
4456,24737,1
4467,27214,1
4485,1380,1
419,25454,1
420,25453,1
421,25450,1
441,25450,1
444,27664,1
4548,1222,1
499,7576,1
4634,312,1
4634,313,1
4640,19834,1
4639,10862,1
4639,17874,1
595,289,1
597,10339,1
600,10343,1
601,10343,1
606,8819,1
609,17837,1
4710,16159,1
622,17837,1
4733,21580,1
4734,21580,1
4735,21580,1
4736,21580,1
4737,8053,1
653,17837,1
659,16796,1
6838,294,1
749,17837,1
6899,10548,1
760,17837,1
777,17837,1
778,17837,1
779,17837,1
788,17837,1
803,17837,1
803,18347,1
804,17837,1
805,17837,1
806,17837,1
807,17837,1
4904,9698,1
4905,9699,1
4906,9700,1
4910,9704,1
4912,9706,1
4913,9707,1
4914,9708,1
4916,9710,1
829,18347,1
2957,23205,1
2958,23205,1
2974,23204,1
2990,4589,1
3002,8058,1
3003,8058,1
3004,8058,1
3005,8058,1
3006,8058,1
3008,17109,1
3010,17109,1
3012,705,1
3013,752,1
3014,752,1
3014,9238,1
3017,705,1
3017,722,1
980,1653,1
3029,30,1
985,7709,1
3040,15352,1
1000,3001,1
3053,25900,1
3113,24550,1
3125,11790,1
3149,20253,1
3150,20253,1
3152,20253,1
3153,20253,1
3154,20253,1
3155,20253,1
3156,20253,1
3157,20253,1
3158,20253,1
3159,20253,1
3167,20253,1
3169,10381,1
1124,5637,1
1124,25451,1
1125,5637,1
1125,25451,1
1129,7799,1
3179,19866,1
3180,20253,1
1132,7785,1
3185,20253,1
1137,7771,1
3187,20253,1
1138,7757,1
1138,7785,1
1141,7771,1
1142,7799,1
1143,7799,1
1145,7757,1
1145,7799,1
1146,7785,1
1148,7799,1
1152,7757,1
1152,7771,1
1152,7799,1
3250,9564,1
1341,10530,1
1345,10530,1
1346,10530,1
1376,10530,1
1377,15764,1
3487,21890,1
3488,19877,1
3160,9595,1
1757,16255,1
3948,6767,1
3951,19487,1
3952,9378,1
3953,6767,1
3954,7453,1
3957,6767,1
3957,19491,1
3958,19487,1
3959,19487,1
3959,19491,1
3959,19492,1
3968,9388,1
3968,19487,1
4040,312,1
4040,26748,1
1994,9583,1
2020,17874,1
2022,10862,1
2022,17874,1
2023,17874,1
64,2021,1
71,26326,1
4174,23157,1
4181,23157,1
4210,8744,1
4213,23157,1
4214,23157,1
4229,25560,1
4230,8744,1
4230,23157,1
185,18027,1
185,18057,1
189,18028,1
201,18043,1
202,18027,1
202,18042,1
203,18057,1
2361,1064,1
6459,18808,1
6471,18808,1
331,16868,1
366,19853,1
2426,839,1
2426,846,1
456,8400,1
531,2484,1
4673,13214,1
4682,25740,1
4697,13213,1
4700,27318,1
4711,25740,1
4720,2021,1
4731,12706,1
2683,5820,1
2686,5820,1
4739,13214,1
4739,25742,1
4740,25739,1
4740,25740,1
4741,25740,1
4741,25741,1
2694,17161,1
2695,17181,1
2696,17161,1
2696,17181,1
2698,17181,1
2699,17161,1
2700,17161,1
2703,17181,1
2705,17161,1
2705,17181,1
2707,17161,1
2716,17161,1
2718,17161,1
2719,17161,1
2719,17181,1
2720,17161,1
2721,17181,1
688,11940,1
689,11940,1
690,11940,1
691,11940,1
692,11940,1
693,11940,1
694,11940,1
695,11940,1
696,11940,1
6843,22052,1
2754,18326,1
6884,25690,1
4842,23157,1
748,23269,1
2819,9833,1
809,19020,1
2921,21547,1
2952,4655,1
2984,19201,1
3022,9347,1
3030,24892,1
3045,9111,1
3057,9248,1
3058,9248,1
3059,9248,1
3060,9223,1
3060,9248,1
1039,168,1
1041,21600,1
1043,2021,1
1043,26326,1
1092,9512,1
1115,2021,1
3188,18326,1
3189,18325,1
3189,18326,1
3190,18325,1
3190,18326,1
5239,18322,1
1154,18517,1
3231,23350,1
1220,21857,1
3335,23231,1
3336,17626,1
3353,17643,1
3353,17660,1
3354,17643,1
5471,10394,1
1378,15179,1
5486,9833,1
1401,10264,1
1419,16102,1
1422,23489,1
1426,9353,1
5623,6533,1
3591,2026,1
3679,22575,1
3796,9833,1
3797,9833,1
3798,9833,1
3800,9833,1
3801,9833,1
3802,1064,1
3802,18015,1
3810,9833,1
3811,9833,1
3812,9833,1
3813,9833,1
3814,9833,1
3815,9833,1
3816,9833,1
3817,9833,1
3820,9833,1
3821,9833,1
3822,9833,1
3823,9833,1
3824,9833,1
3826,9833,1
3827,9833,1
3828,9833,1
3829,9833,1
3830,9833,1
3831,9833,1
3832,9833,1
3833,9833,1
3834,9833,1
3835,9833,1
3836,9833,1
3837,9833,1
3838,9833,1
3839,9833,1
3840,9833,1
3841,9833,1
3842,9833,1
3843,9833,1
3844,9833,1
3845,9833,1
3846,9833,1
3847,9833,1
3848,9833,1
3849,9833,1
3851,9833,1
3852,9833,1
3853,9833,1
3854,9833,1
3855,9833,1
3856,9833,1
3857,9833,1
3858,9833,1
1865,9358,1
5965,24573,1
1868,9358,1
1887,23268,1
1892,13398,1
1893,23851,1
1894,5125,1
1915,9358,1
1916,9358,1
1918,9358,1
1919,9358,1
1920,9358,1
1921,9358,1
1960,9358,1
4045,26326,1
4052,25740,1
4071,10400,1
4071,10410,1
2051,16861,1
42,7639,1
49,15542,1
49,16639,1
49,26991,1
51,7666,1
52,10730,1
52,12749,1
52,16639,1
2107,21225,1
2132,10620,1
196,4725,1
2258,12430,1
2259,12430,1
2260,12430,1
2261,12430,1
2262,12430,1
2263,12430,1
2264,14856,1
2293,6906,1
2313,25930,1
2328,25930,1
336,2457,1
341,2457,1
361,2457,1
362,2457,1
369,10787,1
2484,25930,1
2503,4131,1
2504,4131,1
457,23653,1
2518,4131,1
2545,4131,1
2581,16104,1
2584,19811,1
2586,19811,1
4638,14454,1
2591,19811,1
4641,27618,1
4642,7238,1
610,9930,1
612,9930,1
2663,12259,1
616,9930,1
624,9930,1
2674,18999,1
631,9930,1
4728,4135,1
4746,8720,1
656,24609,1
656,24631,1
657,24609,1
2745,8318,1
2753,92,1
2762,4137,1
2774,8432,1
727,24609,1
727,24631,1
732,9930,1
735,9930,1
736,18362,1
740,9930,1
742,9930,1
743,9930,1
745,4116,1
745,24609,1
745,24631,1
747,4116,1
750,24631,1
753,18999,1
4851,25928,1
757,18996,1
757,24609,1
757,24631,1
758,18996,1
758,24631,1
764,24609,1
765,4116,1
765,24609,1
765,24631,1
766,24631,1
767,18996,1
774,18996,1
2828,4524,1
2829,4524,1
2829,4525,1
2830,4524,1
2830,4525,1
2831,4524,1
2831,4525,1
2831,25947,1
2847,4524,1
2848,25946,1
2849,4525,1
2849,25945,1
2850,4525,1
2851,25947,1
2852,25947,1
2854,25945,1
2857,4525,1
2858,25947,1
2859,4524,1
2860,25945,1
2860,25946,1
2860,25947,1
2864,25944,1
2866,26991,1
2867,4524,1
2868,4524,1
822,26121,1
824,24609,1
827,18996,1
827,18999,1
827,24609,1
2917,25945,1
2917,25947,1
2918,25945,1
899,25092,1
2973,25908,1
3044,21237,1
1002,27727,1
1010,13153,1
1011,19055,1
1011,19056,1
1013,4279,1
1015,11335,1
1061,12112,1
1117,11069,1
1118,12048,1
1118,26633,1
1119,27384,1
1121,7238,1
1120,21374,1
5223,3595,1
3184,26365,1
3200,6183,1
3213,4533,1
3254,4539,1
3255,4539,1
3256,4539,1
3257,4539,1
3258,4539,1
3259,4539,1
3260,4539,1
3261,4539,1
3287,12221,1
1319,4279,1
1320,4279,1
1321,4279,1
1322,4279,1
1323,4279,1
1324,4279,1
1325,4279,1
1326,4279,1
1382,23099,1
1393,15367,1
3504,23084,1
3507,23084,1
3510,19057,1
3525,19057,1
3568,19056,1
3568,19057,1
3569,19055,1
3628,23084,1
3631,19057,1
1675,11335,1
1676,13249,1
1690,11335,1
1691,11335,1
1695,13249,1
1698,13263,1
1699,13249,1
1699,13263,1
1700,13263,1
1713,11335,1
1714,13249,1
1763,23084,1
1764,19057,1
1766,19057,1
1766,23084,1
1767,19055,1
1768,23084,1
1769,19056,1
1771,19055,1
1772,19056,1
1773,19057,1
1773,23084,1
1792,26633,1
1793,26633,1
1794,27384,1
1799,5850,1
1801,6583,1
1805,16782,1
1806,26633,1
1806,27384,1
1806,27404,1
1807,27384,1
1808,27384,1
1809,13776,1
1810,11900,1
1811,27384,1
1812,27404,1
1814,27384,1
1814,27404,1
1825,18229,1
1841,2457,1
1842,2457,1
3897,11870,1
1974,23084,1
1976,23084,1
1978,23084,1
1979,23084,1
1980,23084,1
1981,23084,1
1982,23084,1
1983,23084,1
1984,23084,1
1989,13153,1
1989,21076,1
1990,13153,1
1991,13153,1
1993,13153,1
1993,21076,1
1996,13153,1
1998,21076,1
1999,13153,1
2000,13153,1
2009,16103,1
2014,14575,1
2029,9200,1
2029,10849,1
